#,DATE,LTP*,HIGH,LOW,OPENP*,CLOSEP*,YCP,TRADE,VALUE (mn),VOLUME
1,2024-02-12,14.2,15,13.9,15,14.2,14.8,"5,676",492.592,"34,516,704"
2,2024-02-11,14.8,15,14.1,14.1,14.8,14,"6,209",605.798,"41,711,473"
3,2024-02-08,14,14.1,13,13,14,13,"5,206",624.852,"45,631,589"
4,2024-02-07,13,13.3,12.8,13.3,13,13.3,"2,947",334.302,"25,629,693"
5,2024-02-06,13.3,13.6,13.1,13.3,13.3,13.2,"2,867",266.56,"19,990,597"
6,2024-02-05,13.2,13.5,12.8,13,13.2,12.9,"3,814",315.425,"23,932,392"
7,2024-02-04,12.9,13.3,12.6,12.6,12.9,12.5,"3,848",292.973,"22,541,704"
8,2024-02-01,12.5,12.7,11.9,12.2,12.5,12.2,"3,958",263.624,"21,341,486"
9,2024-01-31,12.2,12.4,11.4,11.4,12.2,11.4,"3,591",217.826,"17,980,593"
10,2024-01-30,11.4,11.7,11.2,11.4,11.4,11.3,"1,589",75.924,"6,679,201"
11,2024-01-29,11.3,11.8,11.1,11.4,11.3,11.4,"1,609",70.334,"6,179,789"
12,2024-01-28,11.4,12,11.3,12,11.4,11.9,"2,327",102.346,"8,833,508"
13,2024-01-25,11.9,12.5,11.5,11.7,11.9,11.7,"3,978",204.432,"16,926,175"
14,2024-01-24,11.7,11.8,10.9,11,11.7,10.8,"4,772",268.91,"23,301,253"
15,2024-01-23,10.8,10.8,9.7,9.9,10.8,9.9,"1,900",104.254,"9,749,858"
16,2024-01-22,9.9,10.1,9.1,9.1,9.9,10.1,"2,171",71.908,"7,385,623"
17,2024-01-21,10.1,10.1,10.1,10.1,10.1,11.2,188,1.895,"187,643"
18,2024-01-18,11.2,11.2,11.2,11.2,11.2,11.2,14,0.063,"5,655"
19,2024-01-17,11.2,11.2,11.2,11.2,11.2,11.2,14,0.094,"8,380"
20,2024-01-16,11.2,11.2,11.2,11.2,11.2,11.2,11,0.385,"34,341"
21,2024-01-15,11.2,11.2,11.2,11.2,11.2,11.2,17,0.263,"23,523"
22,2024-01-14,11.2,11.2,11.2,11.2,11.2,11.2,11,0.115,"10,297"
23,2024-01-11,11.2,11.2,11.2,11.2,11.2,11.2,13,0.21,"18,783"
24,2024-01-10,11.2,11.2,11.2,11.2,11.2,11.2,57,0.902,"80,544"
25,2024-01-09,11.2,11.2,11.2,11.2,11.2,11.2,58,1.992,"177,851"
26,2024-01-08,11.2,11.2,11.2,11.2,11.2,11.2,80,1.131,"100,948"
27,2024-01-04,11.2,11.2,11.2,11.2,11.2,11.2,8,0.347,"31,001"
28,2024-01-03,11.2,11.2,11.2,11.2,11.2,11.2,11,0.007,662
29,2024-01-02,11.2,11.2,11.2,11.2,11.2,11.2,3,0.034,"3,034"
30,2024-01-01,11.2,11.2,11.2,11.2,11.2,11.2,11,0.016,"1,427"
31,2023-12-28,11.2,11.2,11.2,11.2,11.2,11.2,11,0.125,"11,167"
32,2023-12-27,11.2,11.2,11.2,11.2,11.2,11.2,4,0.006,566
33,2023-12-26,11.2,11.2,11.2,11.2,11.2,11.2,11,0.203,"18,162"
34,2023-12-24,11.2,11.2,11.2,11.2,11.2,11.2,8,0.205,"18,342"
35,2023-12-21,11.2,11.2,11.2,11.2,11.2,11.2,7,0.384,"34,258"
36,2023-12-20,11.2,11.2,11.2,11.2,11.2,11.2,10,0.052,"4,662"
37,2023-12-19,11.2,11.2,11.2,11.2,11.2,11.2,20,0.083,"7,448"
38,2023-12-18,11.2,11.2,11.2,11.2,11.2,11.2,11,0.044,"3,932"
39,2023-12-17,11.2,11.2,11.2,11.2,11.2,11.2,12,0.19,"17,008"
40,2023-12-14,11.2,11.2,11.2,11.2,11.2,11.2,11,0.047,"4,229"
41,2023-12-13,11.2,11.2,11.2,11.2,11.2,11.2,6,0.213,"19,015"
42,2023-12-12,11.2,11.2,11.2,11.2,11.2,11.2,6,0.024,"2,125"
43,2023-12-11,11.2,11.2,11.2,11.2,11.2,11.2,47,0.756,"67,510"
44,2023-12-10,11.2,11.2,11.2,11.2,11.2,11.2,17,0.266,"23,765"
45,2023-12-07,11.2,11.2,11.2,11.2,11.2,11.2,15,0.021,"1,842"
46,2023-12-06,11.2,11.2,11.2,11.2,11.2,11.2,4,0.009,775
47,2023-12-05,11.2,11.2,11.2,11.2,11.2,11.2,8,0.011,"1,009"
48,2023-12-04,11.2,11.2,11.2,11.2,11.2,11.2,7,0.019,"1,727"
49,2023-12-03,11.2,11.2,11.2,11.2,11.2,11.2,3,0.008,704
50,2023-11-30,11.2,11.2,11.2,11.2,11.2,11.2,9,0.023,"2,095"
51,2023-11-29,11.2,11.2,11.2,11.2,11.2,11.2,8,0.03,"2,701"
52,2023-11-28,11.2,11.2,11.2,11.2,11.2,11.2,4,0.001,64
53,2023-11-27,11.2,11.2,11.2,11.2,11.2,11.2,5,0.029,"2,593"
54,2023-11-26,11.2,11.2,11.2,11.2,11.2,11.2,9,0.046,"4,096"
55,2023-11-23,11.2,11.2,11.2,11.2,11.2,11.2,16,0.236,"21,093"
56,2023-11-22,11.2,11.2,11.2,11.2,11.2,11.2,8,0.037,"3,313"
57,2023-11-21,11.2,11.2,11.2,11.2,11.2,11.2,1,0,27
58,2023-11-20,11.2,11.2,11.2,11.2,11.2,11.2,16,0.033,"2,926"
59,2023-11-19,11.2,11.2,11.2,11.2,11.2,11.2,8,0.025,"2,253"
60,2023-11-16,11.2,11.2,11.2,11.2,11.2,11.2,5,0.121,"10,759"
61,2023-11-15,11.2,11.2,11.2,11.2,11.2,11.2,2,0.003,311
62,2023-11-14,11.2,11.2,11.2,11.2,11.2,11.2,5,0.008,707
63,2023-11-13,11.2,11.2,11.2,11.2,11.2,11.2,7,0.007,642
64,2023-11-12,11.2,11.2,11.2,11.2,11.2,11.2,4,0.004,394
65,2023-11-09,11.2,11.2,11.2,11.2,11.2,11.2,4,0.012,"1,047"
66,2023-11-08,11.2,11.2,11.2,11.2,11.2,11.2,1,0.002,175
67,2023-11-07,11.2,11.2,11.2,11.2,11.2,11.2,1,0.001,50
68,2023-11-06,11.2,11.2,11.2,11.2,11.2,11.2,6,0.004,360
69,2023-11-05,11.2,11.2,11.2,11.2,11.2,11.2,5,0.042,"3,722"
70,2023-11-02,11.2,11.2,11.2,11.2,11.2,11.2,3,0.002,160
71,2023-11-01,11.2,11.2,11.2,11.2,11.2,11.2,5,0.135,"12,054"
72,2023-10-31,11.2,11.2,11.2,11.2,11.2,11.2,2,0.002,178
73,2023-10-30,11.2,11.2,11.2,11.2,11.2,11.2,4,0.003,270
74,2023-10-29,11.2,11.2,11.2,11.2,11.2,11.2,5,0.012,"1,107"
75,2023-10-26,11.2,11.2,11.2,11.2,11.2,11.2,3,0.004,355
76,2023-10-25,11.2,11.2,11.2,11.2,11.2,11.2,1,0,18
77,2023-10-23,11.2,11.2,11.2,11.2,11.2,11.2,1,0.002,150
78,2023-10-22,11.2,11.2,11.2,11.2,11.2,11.2,11,0.21,"18,736"
79,2023-10-19,11.2,11.2,11.2,11.2,11.2,11.2,2,0.003,257
80,2023-10-18,11.2,11.2,11.2,11.2,11.2,11.2,4,0.015,"1,354"
81,2023-10-17,11.2,11.2,11.2,11.2,11.2,11.2,5,0.002,223
82,2023-10-16,11.2,11.2,11.2,11.2,11.2,11.2,2,0,15
83,2023-10-15,11.2,11.2,11.2,11.2,11.2,11.2,1,0,5
84,2023-10-12,11.2,11.2,11.2,11.2,11.2,11.2,3,0.006,513
85,2023-10-11,11.2,11.2,11.2,11.2,11.2,11.2,2,0.002,206
86,2023-10-10,11.2,11.2,11.2,11.2,11.2,11.2,4,0.011,"1,000"
87,2023-10-09,11.2,11.2,11.2,11.2,11.2,11.2,7,0.019,"1,659"
88,2023-10-08,0,0,0,0,11.2,11.2,0,0,0
89,2023-10-05,11.2,11.2,11.2,11.2,11.2,11.2,5,0.004,329
90,2023-10-04,11.2,11.2,11.2,11.2,11.2,11.2,2,0.001,114
91,2023-10-03,11.2,11.2,11.2,11.2,11.2,11.2,2,0.001,60
92,2023-10-02,11.2,11.2,11.2,11.2,11.2,11.2,5,0.006,548
93,2023-10-01,11.2,11.2,11.2,11.2,11.2,11.2,6,0.064,"5,745"
94,2023-09-27,11.2,11.2,11.2,11.2,11.2,11.2,3,0.002,170
95,2023-09-26,11.2,11.2,11.2,11.2,11.2,11.2,5,0.004,391
96,2023-09-25,11.2,11.2,11.2,11.2,11.2,11.2,4,0.034,"3,074"
97,2023-09-24,11.2,11.2,11.2,11.2,11.2,11.2,3,0.007,626
98,2023-09-21,11.2,11.2,11.2,11.2,11.2,11.2,6,0.009,777
99,2023-09-20,11.2,11.2,11.2,11.2,11.2,11.2,6,0.002,199
100,2023-09-19,11.2,11.2,11.2,11.2,11.2,11.2,1,0.001,49
101,2023-09-18,11.2,11.2,11.2,11.2,11.2,11.2,5,0.004,376
102,2023-09-17,11.2,11.2,11.2,11.2,11.2,11.2,17,0.048,"4,294"
103,2023-09-14,11.2,11.2,11.2,11.2,11.2,11.2,9,0.049,"4,383"
104,2023-09-13,11.2,11.2,11.2,11.2,11.2,11.2,7,0.006,560
105,2023-09-12,11.2,11.2,11.2,11.2,11.2,11.2,11,0.025,"2,195"
106,2023-09-11,11.2,11.2,11.2,11.2,11.2,11.2,24,1.169,"104,336"
107,2023-09-10,11.2,11.2,11.2,11.2,11.2,11.2,2,0.011,949
108,2023-09-07,11.2,11.2,11.2,11.2,11.2,11.2,3,0.004,360
109,2023-09-05,11.2,11.2,11.2,11.2,11.2,11.2,6,0.08,"7,125"
110,2023-09-04,11.2,11.2,11.2,11.2,11.2,11.2,4,0.046,"4,080"
111,2023-09-03,11.2,11.2,11.2,11.2,11.2,11.2,5,0.007,658
112,2023-08-31,11.2,11.2,11.2,11.2,11.2,11.2,9,0.002,136
113,2023-08-30,11.2,11.2,11.2,11.2,11.2,11.2,3,0.007,588
114,2023-08-29,11.2,11.2,11.2,11.2,11.2,11.2,3,0.003,312
115,2023-08-28,11.2,11.2,11.2,11.2,11.2,11.2,3,0.015,"1,300"
116,2023-08-27,11.2,11.2,11.2,11.2,11.2,11.2,10,0.022,"1,930"
117,2023-08-24,11.2,11.2,11.2,11.2,11.2,11.2,28,0.102,"9,117"
118,2023-08-23,11.2,11.2,11.2,11.2,11.2,11.2,11,0.033,"2,919"
119,2023-08-22,11.2,11.2,11.2,11.2,11.2,11.2,6,0.012,"1,037"
120,2023-08-21,11.2,11.2,11.2,11.2,11.2,11.2,18,0.029,"2,559"
121,2023-08-20,11.2,11.2,11.2,11.2,11.2,11.2,4,0.016,"1,428"
122,2023-08-17,11.2,11.2,11.2,11.2,11.2,11.2,3,0.016,"1,462"
123,2023-08-16,11.2,11.2,11.2,11.2,11.2,11.2,4,0.03,"2,654"
124,2023-08-14,11.2,11.2,11.2,11.2,11.2,11.2,5,0.023,"2,021"
125,2023-08-13,11.2,11.2,11.2,11.2,11.2,11.2,41,0.342,"30,540"
126,2023-08-10,11.2,11.2,11.2,11.2,11.2,11.2,11,0.081,"7,274"
127,2023-08-09,11.2,11.2,11.2,11.2,11.2,11.2,2,0.003,263
128,2023-08-08,11.2,11.2,11.2,11.2,11.2,11.2,8,0.035,"3,092"
129,2023-08-07,11.2,11.2,11.2,11.2,11.2,11.2,7,0.018,"1,570"
130,2023-08-06,11.2,11.2,11.2,11.2,11.2,11.2,9,0.02,"1,793"
131,2023-08-03,11.2,11.2,11.2,11.2,11.2,11.2,13,0.248,"22,178"
132,2023-08-02,11.2,11.2,11.2,11.2,11.2,11.2,6,0.024,"2,108"
133,2023-08-01,11.2,11.2,11.2,11.2,11.2,11.2,8,0.048,"4,248"
134,2023-07-31,11.2,11.2,11.2,11.2,11.2,11.2,7,0.012,"1,094"
135,2023-07-30,11.2,11.2,11.2,11.2,11.2,11.2,21,0.141,"12,572"
136,2023-07-27,11.2,11.2,11.2,11.2,11.2,11.2,12,0.173,"15,403"
137,2023-07-26,11.2,11.2,11.2,11.2,11.2,11.2,8,0.07,"6,243"
138,2023-07-25,11.2,11.2,11.2,11.2,11.2,11.2,33,0.238,"21,226"
139,2023-07-24,11.2,11.2,11.2,11.2,11.2,11.2,17,0.106,"9,457"
140,2023-07-23,11.2,11.2,11.2,11.2,11.2,11.2,23,0.547,"48,876"
141,2023-07-20,11.2,11.2,11.2,11.2,11.2,11.2,26,0.229,"20,485"
142,2023-07-19,11.2,11.2,11.2,11.2,11.2,11.2,19,0.493,"44,002"
143,2023-07-18,11.2,11.2,11.2,11.2,11.2,11.2,29,0.185,"16,549"
144,2023-07-17,11.2,11.2,11.2,11.2,11.2,11.2,48,0.322,"28,736"
145,2023-07-16,11.2,11.2,11.2,11.2,11.2,11.2,33,0.783,"69,912"
146,2023-07-13,11.2,11.2,11.2,11.2,11.2,11.2,36,1.453,"129,751"
147,2023-07-12,11.2,11.2,11.2,11.2,11.2,11.2,27,0.198,"17,644"
148,2023-07-11,11.2,11.2,11.2,11.2,11.2,11.2,29,0.32,"28,604"
149,2023-07-10,11.2,11.2,11.2,11.2,11.2,11.2,19,0.161,"14,409"
150,2023-07-09,11.2,11.2,11.2,11.2,11.2,11.2,31,0.49,"43,782"
151,2023-07-06,11.2,11.2,11.2,11.2,11.2,11.2,42,1.485,"132,622"
152,2023-07-05,11.2,11.2,11.2,11.2,11.2,11.2,97,0.771,"68,858"
153,2023-07-04,11.2,11.2,11.2,11.2,11.2,11.2,25,0.361,"32,209"
154,2023-07-03,11.2,11.2,11.2,11.2,11.2,11.2,13,0.148,"13,229"
155,2023-07-02,11.2,11.2,11.2,11.2,11.2,11.2,26,0.36,"32,110"
156,2023-06-26,11.2,11.2,11.2,11.2,11.2,11.2,19,0.247,"22,047"
157,2023-06-25,11.2,11.2,11.2,11.2,11.2,11.2,24,0.29,"25,887"
158,2023-06-22,11.2,11.2,11.2,11.2,11.2,11.2,10,0.035,"3,090"
159,2023-06-21,11.2,11.2,11.2,11.2,11.2,11.2,17,0.149,"13,310"
160,2023-06-20,11.2,11.2,11.2,11.2,11.2,11.2,14,0.058,"5,145"
161,2023-06-19,11.2,11.2,11.2,11.2,11.2,11.2,15,0.092,"8,225"
162,2023-06-18,11.2,11.2,11.2,11.2,11.2,11.2,11,0.149,"13,291"
163,2023-06-15,11.2,11.2,11.2,11.2,11.2,11.2,8,0.699,"62,415"
164,2023-06-14,11.2,11.2,11.2,11.2,11.2,11.2,14,0.252,"22,540"
165,2023-06-13,11.2,11.2,11.2,11.2,11.2,11.2,7,0.035,"3,158"
166,2023-06-12,11.2,11.2,11.2,11.2,11.2,11.2,9,0.056,"5,043"
167,2023-06-11,11.2,11.2,11.2,11.2,11.2,11.2,9,0.19,"16,936"
168,2023-06-08,11.2,11.2,11.2,11.2,11.2,11.2,6,0.013,"1,173"
169,2023-06-07,11.2,11.2,11.2,11.2,11.2,11.2,11,0.039,"3,510"
170,2023-06-06,11.2,11.2,11.2,11.2,11.2,11.2,16,0.156,"13,959"
171,2023-06-05,11.2,11.2,11.2,11.2,11.2,11.2,84,2.069,"184,765"
172,2023-06-04,11.2,11.2,11.2,11.2,11.2,11.2,21,3.079,"274,885"
173,2023-06-01,11.2,11.2,11.2,11.2,11.2,11.2,16,0.185,"16,512"
174,2023-05-31,11.2,11.2,11.2,11.2,11.2,11.2,24,3.43,"306,256"
175,2023-05-30,11.2,11.2,11.2,11.2,11.2,11.2,16,0.076,"6,754"
176,2023-05-29,11.2,11.2,11.2,11.2,11.2,11.2,44,0.771,"68,859"
177,2023-05-28,11.2,11.2,11.2,11.2,11.2,11.5,56,0.716,"63,962"
178,2023-05-25,0,0,0,0,11.5,11.5,0,0,0
179,2023-05-24,11.5,11.5,11.5,11.5,11.5,11.5,43,0.474,"41,207"
180,2023-05-23,11.5,11.5,11.5,11.5,11.5,11.5,36,0.43,"37,350"
181,2023-05-22,11.5,11.5,11.5,11.5,11.5,11.5,28,0.271,"23,549"
182,2023-05-21,11.5,11.5,11.5,11.5,11.5,11.5,17,0.037,"3,181"
183,2023-05-18,11.5,11.5,11.5,11.5,11.5,11.5,20,0.183,"15,894"
184,2023-05-17,11.5,11.5,11.5,11.5,11.5,11.5,16,0.065,"5,645"
185,2023-05-16,11.5,11.5,11.5,11.5,11.5,11.5,14,0.099,"8,647"
186,2023-05-15,11.5,11.5,11.5,11.5,11.5,11.5,19,0.367,"31,873"
187,2023-05-14,11.5,11.5,11.5,11.5,11.5,11.5,16,0.164,"14,271"
188,2023-05-11,11.5,11.5,11.5,11.5,11.5,11.5,25,0.243,"21,088"
189,2023-05-10,11.5,11.5,11.5,11.5,11.5,11.5,18,0.374,"32,563"
190,2023-05-09,11.5,11.5,11.5,11.5,11.5,11.5,18,0.229,"19,937"
191,2023-05-08,11.5,11.5,11.5,11.5,11.5,11.5,21,0.306,"26,606"
192,2023-05-07,11.5,11.5,11.5,11.5,11.5,11.5,23,0.152,"13,191"
193,2023-05-03,11.5,11.5,11.5,11.5,11.5,11.5,32,0.565,"49,169"
194,2023-05-02,11.5,11.5,11.5,11.5,11.5,11.5,20,0.06,"5,251"
195,2023-04-30,11.5,11.5,11.5,11.5,11.5,11.5,28,0.574,"49,874"
196,2023-04-27,11.5,11.5,11.5,11.5,11.5,11.5,17,0.142,"12,345"
197,2023-04-26,11.5,11.5,11.5,11.5,11.5,11.5,18,0.052,"4,542"
198,2023-04-25,11.5,11.5,11.5,11.5,11.5,11.5,22,0.188,"16,375"
199,2023-04-24,11.5,11.5,11.5,11.5,11.5,11.5,26,2.295,"199,576"
200,2023-04-18,11.5,11.5,11.5,11.5,11.5,11.5,9,0.034,"2,964"
201,2023-04-17,11.5,11.5,11.5,11.5,11.5,11.5,9,0.044,"3,842"
202,2023-04-16,11.5,11.5,11.5,11.5,11.5,11.5,6,0.079,"6,867"
203,2023-04-13,11.5,11.5,11.5,11.5,11.5,11.5,6,0.025,"2,163"
204,2023-04-12,11.5,11.5,11.5,11.5,11.5,11.5,5,0.014,"1,210"
205,2023-04-11,11.5,11.5,11.5,11.5,11.5,11.5,8,0.013,"1,095"
206,2023-04-10,11.5,11.5,11.5,11.5,11.5,11.5,8,0.086,"7,484"
207,2023-04-09,11.5,11.5,11.5,11.5,11.5,11.5,10,0.09,"7,800"
208,2023-04-06,11.5,11.5,11.5,11.5,11.5,11.5,13,0.09,"7,825"
209,2023-04-05,11.5,11.5,11.5,11.5,11.5,11.5,6,0.032,"2,789"
210,2023-04-04,11.5,11.5,11.5,11.5,11.5,11.5,15,0.288,"25,066"
211,2023-04-03,11.5,11.5,11.5,11.5,11.5,11.5,9,0.024,"2,045"
212,2023-04-02,11.5,11.5,11.5,11.5,11.5,11.5,4,0.013,"1,091"
213,2023-03-30,11.5,11.5,11.5,11.5,11.5,11.5,8,0.033,"2,857"
214,2023-03-29,11.5,11.5,11.5,11.5,11.5,11.5,8,0.045,"3,871"
215,2023-03-28,11.5,11.5,11.5,11.5,11.5,11.5,3,0.001,86
216,2023-03-27,11.5,11.5,11.5,11.5,11.5,11.5,5,0.041,"3,561"
217,2023-03-23,11.5,11.5,11.5,11.5,11.5,11.5,8,0.144,"12,564"
218,2023-03-22,11.5,11.5,11.5,11.5,11.5,11.5,4,0.07,"6,100"
219,2023-03-21,11.5,11.5,11.5,11.5,11.5,11.5,24,0.184,"16,033"
220,2023-03-20,11.5,11.5,11.5,11.5,11.5,11.5,24,0.29,"25,226"
221,2023-03-19,11.5,11.5,11.5,11.5,11.5,11.5,24,0.042,"3,640"
222,2023-03-16,11.5,11.5,11.5,11.5,11.5,11.5,33,0.464,"40,383"
223,2023-03-15,11.5,11.5,11.5,11.5,11.5,11.5,12,0.009,749
224,2023-03-14,11.5,11.5,11.5,11.5,11.5,11.5,11,0.171,"14,836"
225,2023-03-13,11.5,11.5,11.5,11.5,11.5,11.5,11,0.215,"18,720"
226,2023-03-12,11.5,11.5,11.5,11.5,11.5,11.5,13,0.062,"5,433"
227,2023-03-09,11.5,11.5,11.5,11.5,11.5,11.5,10,0.29,"25,237"
228,2023-03-07,11.5,11.5,11.5,11.5,11.5,11.5,17,0.316,"27,471"
229,2023-03-06,11.5,11.5,11.5,11.5,11.5,11.5,41,1.883,"163,729"
230,2023-03-05,11.5,11.5,11.5,11.5,11.5,11.5,23,0.144,"12,505"
231,2023-03-02,11.5,11.5,11.5,11.5,11.5,11.5,14,0.076,"6,582"
232,2023-03-01,11.5,11.5,11.5,11.5,11.5,11.5,24,1.615,"140,435"
233,2023-02-28,11.5,11.5,11.5,11.5,11.5,11.5,8,0.041,"3,528"
234,2023-02-27,11.5,11.5,11.5,11.5,11.5,11.5,10,0.684,"59,442"
235,2023-02-26,11.5,11.5,11.5,11.5,11.5,11.5,10,0.182,"15,862"
236,2023-02-23,11.5,11.5,11.5,11.5,11.5,11.5,10,0.603,"52,429"
237,2023-02-22,11.5,11.5,11.5,11.5,11.5,11.5,25,1.272,"110,625"
238,2023-02-20,11.5,11.5,11.5,11.5,11.5,11.5,8,0.116,"10,088"
239,2023-02-19,11.5,11.5,11.5,11.5,11.5,11.5,12,0.353,"30,688"
240,2023-02-16,11.5,11.5,11.5,11.5,11.5,11.5,7,0.16,"13,917"
241,2023-02-15,11.5,11.5,11.5,11.5,11.5,11.5,9,0.198,"17,188"
242,2023-02-14,11.5,11.5,11.5,11.5,11.5,11.5,13,0.053,"4,614"
243,2023-02-13,11.5,11.5,11.5,11.5,11.5,11.5,21,0.661,"57,440"
244,2023-02-12,11.5,11.5,11.5,11.5,11.5,11.5,13,0.513,"44,630"
245,2023-02-09,11.5,11.5,11.5,11.5,11.5,11.5,11,1.138,"98,917"
246,2023-02-08,11.5,11.5,11.5,11.5,11.5,11.5,22,0.547,"47,540"
247,2023-02-07,11.5,11.5,11.5,11.5,11.5,11.5,34,1.393,"121,158"
248,2023-02-06,11.5,11.5,11.5,11.5,11.5,11.5,135,2.473,"215,049"
249,2023-02-05,11.5,11.5,11.5,11.5,11.5,11.5,82,7.109,"618,191"
250,2023-02-02,11.5,11.5,11.5,11.5,11.5,11.5,27,0.709,"61,654"
251,2023-02-01,11.5,11.5,11.5,11.5,11.5,11.5,18,1.059,"92,068"
252,2023-01-31,11.5,11.5,11.5,11.5,11.5,11.5,33,1.865,"162,216"
253,2023-01-30,11.5,11.5,11.5,11.5,11.5,11.5,24,0.715,"62,142"
254,2023-01-29,11.5,11.5,11.5,11.5,11.5,11.5,28,0.457,"39,731"
255,2023-01-26,11.5,11.5,11.5,11.5,11.5,11.5,75,3.091,"268,748"
256,2023-01-25,11.5,11.5,11.5,11.5,11.5,11.5,112,5.774,"502,110"
257,2023-01-24,11.5,11.5,11.5,11.5,11.5,11.5,60,1.658,"144,178"
258,2023-01-23,11.5,11.5,11.5,11.5,11.5,11.5,140,2.143,"186,334"
259,2023-01-22,11.5,11.6,11.5,11.5,11.5,11.5,449,17.983,"1,562,691"
260,2023-01-19,11.5,11.6,11.5,11.5,11.5,11.5,781,29.867,"2,596,867"
261,2023-01-18,11.5,11.8,11.5,11.6,11.5,11.6,928,40.392,"3,472,403"
262,2023-01-17,11.6,11.7,11.5,11.5,11.6,11.5,839,51.83,"4,485,521"
263,2023-01-16,11.5,11.5,11.5,11.5,11.5,11.5,43,0.771,"67,043"
264,2023-01-15,11.5,11.5,11.5,11.5,11.5,11.5,23,0.361,"31,364"
265,2023-01-12,11.5,11.5,11.5,11.5,11.5,11.5,27,1.324,"115,117"
266,2023-01-11,11.5,11.5,11.5,11.5,11.5,11.5,29,0.53,"46,127"
267,2023-01-10,11.5,11.5,11.5,11.5,11.5,11.5,20,0.63,"54,807"
268,2023-01-09,11.5,11.5,11.5,11.5,11.5,11.5,27,0.35,"30,469"
269,2023-01-08,11.5,11.5,11.5,11.5,11.5,11.5,11,0.076,"6,611"
270,2023-01-05,11.5,11.5,11.5,11.5,11.5,11.5,19,1.332,"115,839"
271,2023-01-04,11.5,11.5,11.5,11.5,11.5,11.5,118,2.07,"179,978"
272,2023-01-03,11.5,11.5,11.5,11.5,11.5,11.5,132,1.112,"96,737"
273,2023-01-02,11.5,11.5,11.5,11.5,11.5,11.5,22,0.218,"18,976"
274,2023-01-01,11.5,11.5,11.5,11.5,11.5,11.5,37,1.104,"96,019"
275,2022-12-29,11.5,11.5,11.5,11.5,11.5,11.5,39,1.108,"96,310"
276,2022-12-28,11.5,11.5,11.5,11.5,11.5,11.5,32,0.556,"48,311"
277,2022-12-27,11.5,11.5,11.5,11.5,11.5,11.5,19,0.31,"26,916"
278,2022-12-26,11.5,11.5,11.5,11.5,11.5,11.5,25,0.513,"44,623"
279,2022-12-22,11.5,11.5,11.5,11.5,11.5,11.5,18,0.526,"45,738"
280,2022-12-21,11.5,11.5,11.5,11.5,11.5,11.5,30,0.255,"22,186"
281,2022-12-20,11.5,11.5,11.5,11.5,11.5,11.5,20,0.096,"8,335"
282,2022-12-19,11.5,11.5,11.5,11.5,11.5,11.5,29,0.519,"45,168"
283,2022-12-18,11.5,11.5,11.5,11.5,11.5,11.5,19,0.15,"13,041"
284,2022-12-15,11.5,11.5,11.5,11.5,11.5,11.5,30,0.937,"81,477"
285,2022-12-14,11.5,11.5,11.5,11.5,11.5,11.5,33,0.454,"39,464"
286,2022-12-13,11.5,11.5,11.5,11.5,11.5,11.5,69,2.082,"181,069"
287,2022-12-12,11.5,11.5,11.5,11.5,11.5,11.5,35,0.63,"54,821"
288,2022-12-11,11.5,11.5,11.5,11.5,11.5,11.5,32,0.625,"54,317"
289,2022-12-08,11.5,11.5,11.5,11.5,11.5,11.5,15,0.161,"13,990"
290,2022-12-07,11.5,11.5,11.5,11.5,11.5,11.5,33,0.503,"43,735"
291,2022-12-06,11.5,11.5,11.5,11.5,11.5,11.5,22,1.182,"102,745"
292,2022-12-05,11.5,11.5,11.5,11.5,11.5,11.5,48,0.935,"81,347"
293,2022-12-04,11.5,11.5,11.5,11.5,11.5,11.5,36,0.852,"74,084"
294,2022-12-01,11.5,11.5,11.5,11.5,11.5,11.5,26,0.315,"27,373"
295,2022-11-30,11.5,11.5,11.5,11.5,11.5,11.5,48,0.579,"50,320"
296,2022-11-29,11.5,11.5,11.5,11.5,11.5,11.5,84,11.045,"960,431"
297,2022-11-28,11.5,11.5,11.5,11.5,11.5,11.5,38,0.616,"53,585"
298,2022-11-27,11.5,11.5,11.5,11.5,11.5,11.5,50,0.996,"86,626"
299,2022-11-24,11.5,11.5,11.5,11.5,11.5,11.5,130,8.164,"709,881"
300,2022-11-23,11.5,11.5,11.5,11.5,11.5,11.5,64,1.064,"92,499"
301,2022-11-22,11.5,11.5,11.5,11.5,11.5,11.5,268,11.367,"988,402"
302,2022-11-21,11.5,11.5,11.5,11.5,11.5,11.5,68,2.747,"238,834"
303,2022-11-20,11.5,11.5,11.5,11.5,11.5,11.5,63,1.152,"100,184"
304,2022-11-17,11.5,11.6,11.5,11.5,11.5,11.5,353,21.273,"1,849,809"
305,2022-11-16,11.5,11.5,11.5,11.5,11.5,11.5,81,2.795,"243,071"
306,2022-11-15,11.5,11.5,11.5,11.5,11.5,11.5,100,5.97,"519,142"
307,2022-11-14,11.5,11.6,11.5,11.5,11.5,11.5,340,16.06,"1,396,453"
308,2022-11-13,11.5,11.6,11.5,11.6,11.5,11.6,647,26.578,"2,310,618"
309,2022-11-10,11.6,11.7,11.5,11.7,11.6,11.6,699,63.369,"5,492,272"
310,2022-11-09,11.6,11.9,11.6,11.9,11.6,11.8,536,31.756,"2,714,400"
311,2022-11-08,11.8,12.1,11.5,11.5,11.8,11.5,"1,757",110.461,"9,372,614"
312,2022-11-07,11.5,11.6,11.5,11.5,11.5,11.6,825,44.346,"3,854,294"
313,2022-11-06,11.6,11.6,11.5,11.5,11.6,11.5,958,43.375,"3,765,437"
314,2022-11-03,11.5,11.7,11.5,11.6,11.5,11.5,"1,182",61.481,"5,339,723"
315,2022-11-02,11.5,11.7,11.5,11.5,11.5,11.5,"1,802",105.143,"9,103,727"
316,2022-11-01,11.5,11.5,11.5,11.5,11.5,11.5,129,3.726,"323,986"
317,2022-10-31,11.5,11.5,11.5,11.5,11.5,11.5,179,4.452,"387,160"
318,2022-10-30,11.5,11.5,11.5,11.5,11.5,11.5,118,2,"173,945"
319,2022-10-27,11.5,11.5,11.5,11.5,11.5,11.5,147,5.178,"450,269"
320,2022-10-26,11.5,11.5,11.5,11.5,11.5,11.5,109,3.29,"286,107"
321,2022-10-25,11.5,11.5,11.5,11.5,11.5,11.5,192,7.606,"661,414"
322,2022-10-24,11.5,11.5,11.5,11.5,11.5,11.5,113,7.017,"610,149"
323,2022-10-23,11.5,11.6,11.5,11.6,11.5,11.6,690,47.866,"4,159,714"
324,2022-10-20,11.6,11.6,11.5,11.5,11.6,11.6,468,30.556,"2,646,946"
325,2022-10-19,11.6,11.8,11.5,11.7,11.6,11.6,655,48.489,"4,175,326"
326,2022-10-18,11.6,11.8,11.5,11.6,11.6,11.7,718,27.807,"2,392,759"
327,2022-10-17,11.7,11.9,11.6,11.9,11.7,11.9,854,47.379,"4,038,759"
328,2022-10-16,11.9,12.1,11.8,12,11.9,12,628,40.804,"3,413,124"
329,2022-10-13,12,12.1,11.9,11.9,12,11.9,600,32.361,"2,704,677"
330,2022-10-12,11.9,12,11.8,11.9,11.9,12,565,28.282,"2,377,743"
331,2022-10-11,12,12,11.8,11.9,12,12,597,30.17,"2,530,878"
332,2022-10-10,12,12.4,11.9,12.4,12,12.4,980,41.384,"3,430,357"
333,2022-10-06,12.4,12.5,12.3,12.3,12.4,12.3,616,32.553,"2,632,273"
334,2022-10-04,12.3,12.5,12.3,12.3,12.3,12.4,487,20.37,"1,648,536"
335,2022-10-03,12.4,12.6,12.3,12.6,12.4,12.6,787,34.661,"2,789,551"
336,2022-10-02,12.6,12.8,12.5,12.7,12.6,12.7,790,28.857,"2,282,720"
337,2022-09-29,12.7,12.9,12.6,12.7,12.7,12.6,822,44.928,"3,538,756"
338,2022-09-28,12.6,12.7,12.5,12.6,12.6,12.6,674,30.973,"2,460,166"
339,2022-09-27,12.6,12.8,12.6,12.8,12.6,12.7,979,53.315,"4,210,099"
340,2022-09-26,12.7,12.9,12.6,12.7,12.7,12.7,829,34.494,"2,714,820"
341,2022-09-25,12.7,13,12.7,12.8,12.7,12.8,943,48.595,"3,793,906"
342,2022-09-22,12.8,13.1,12.7,13.1,12.8,13.1,"1,743",107.022,"8,310,720"
343,2022-09-21,13.1,13.4,13,13.4,13.1,13.3,912,67.345,"5,119,206"
344,2022-09-20,13.3,13.6,13.1,13.1,13.3,13.1,"1,771",167.367,"12,644,726"
345,2022-09-19,13.1,13.3,13,13.2,13.1,13.2,"1,042",83.227,"6,337,197"
346,2022-09-18,13.2,13.4,13.1,13.1,13.2,13.2,"1,253",75.446,"5,711,365"
347,2022-09-15,13.2,13.4,13.1,13.3,13.2,13.4,"1,158",94.59,"7,157,957"
348,2022-09-14,13.4,13.7,13.2,13.6,13.4,13.7,"1,281",98.745,"7,335,761"
349,2022-09-13,13.7,14,13.6,13.9,13.7,13.9,"1,640",132.137,"9,634,634"
350,2022-09-12,13.9,14.2,13.7,13.7,13.9,13.7,"2,869",269.132,"19,277,203"
351,2022-09-11,13.7,13.8,13.3,13.4,13.7,13.2,"2,115",187.202,"13,819,703"
352,2022-09-08,13.2,13.5,12.9,13.2,13.2,13.1,"1,285",131.343,"10,031,407"
353,2022-09-07,13.1,13.4,13,13.1,13.1,13.1,"1,079",122.94,"9,355,980"
354,2022-09-06,13.1,13.5,13,13.5,13.1,13.2,"1,154",66.73,"5,060,775"
355,2022-09-05,13.2,13.8,13.2,13.7,13.2,13.6,"1,205",120.472,"8,949,122"
356,2022-09-04,13.6,14.1,13.4,13.5,13.6,13.5,"1,618",141.856,"10,314,999"
357,2022-09-01,13.5,13.7,13.2,13.5,13.5,13.3,"1,621",100.758,"7,475,680"
358,2022-08-31,13.3,13.7,13.1,13.3,13.3,13.1,"1,750",147.797,"11,033,653"
359,2022-08-30,13.1,13.3,12.9,13.3,13.1,13.2,"1,331",78.987,"6,041,507"
360,2022-08-29,13.2,13.7,12.8,12.9,13.2,12.9,"3,150",212.768,"15,988,887"
361,2022-08-28,12.9,13.3,12.4,12.4,12.9,12.3,"2,703",183.412,"14,259,207"
362,2022-08-25,12.3,12.4,11.8,11.9,12.3,11.9,"1,318",70.185,"5,797,055"
363,2022-08-24,11.9,12.1,11.8,11.9,11.9,12,608,31.234,"2,623,441"
364,2022-08-23,12,12.1,11.9,12,12,12,790,44.452,"3,708,047"
365,2022-08-22,12,12.1,11.9,12,12,12,643,41.863,"3,496,821"
366,2022-08-21,12,12.1,11.9,12,12,12,575,32.883,"2,742,097"
367,2022-08-17,12,12.1,11.9,12,12,11.9,573,31.542,"2,627,353"
368,2022-08-16,11.9,12.1,11.9,12.1,11.9,11.9,588,29.549,"2,469,948"
369,2022-08-14,11.9,12,11.8,11.9,11.9,11.8,292,12.382,"1,040,890"
370,2022-08-11,11.8,12,11.8,11.9,11.8,11.9,477,21.472,"1,806,090"
371,2022-08-10,11.9,12.1,11.8,12,11.9,12.2,727,24.678,"2,062,267"
372,2022-08-08,12.2,12.5,12.1,12.5,12.2,12.4,800,39.423,"3,209,056"
373,2022-08-07,12.4,12.8,12.4,12.7,12.4,12.7,"1,124",82.245,"6,564,149"
374,2022-08-04,12.7,12.8,12.4,12.8,12.7,12.7,999,71.097,"5,638,091"
375,2022-08-03,12.7,12.9,12.2,12.2,12.7,11.9,"2,726",166.531,"13,098,134"
376,2022-08-02,11.9,12,11.6,11.7,11.9,11.7,826,33.897,"2,865,950"
377,2022-08-01,11.7,11.9,11.6,11.8,11.7,11.7,497,19.562,"1,668,124"
378,2022-07-31,11.7,11.8,11.5,11.5,11.7,11.3,676,27.636,"2,392,095"
379,2022-07-28,11.3,11.4,11.3,11.3,11.3,11.5,739,17.116,"1,514,185"
380,2022-07-27,11.5,11.7,11.5,11.7,11.5,11.7,562,20.168,"1,749,483"
381,2022-07-26,11.7,11.9,11.6,11.8,11.7,11.5,655,21.078,"1,793,650"
382,2022-07-25,11.5,11.6,11.3,11.3,11.5,11.5,815,26.865,"2,356,413"
383,2022-07-24,11.5,11.7,11.5,11.7,11.5,11.7,713,23.152,"2,008,446"
384,2022-07-21,11.7,12.1,11.7,12,11.7,11.9,600,25.629,"2,165,679"
385,2022-07-20,11.9,12.1,11.4,11.4,11.9,11.6,"1,147",40.126,"3,422,716"
386,2022-07-19,11.6,11.8,11.6,11.8,11.6,11.8,751,25.492,"2,196,577"
387,2022-07-18,11.8,12,11.8,12,11.8,12,794,31.189,"2,634,396"
388,2022-07-17,12,12.2,11.9,12.1,12,12.1,611,23.85,"1,986,047"
389,2022-07-14,12.1,12.3,12,12.2,12.1,12.2,683,36.396,"2,999,786"
390,2022-07-13,12.2,12.4,12.2,12.2,12.2,12.3,393,19.041,"1,556,008"
391,2022-07-12,12.3,12.4,12.2,12.4,12.3,12.4,503,18.02,"1,466,393"
392,2022-07-07,12.4,12.4,12.2,12.4,12.4,12.3,373,17.802,"1,443,242"
393,2022-07-06,12.3,12.5,12.1,12.3,12.3,12.3,616,40.606,"3,308,056"
394,2022-07-05,12.3,12.4,12.2,12.3,12.3,12.3,463,18.954,"1,541,403"
395,2022-07-04,12.3,12.4,12.1,12.3,12.3,12.3,486,23.373,"1,909,046"
396,2022-07-03,12.3,12.7,12.3,12.5,12.3,12.4,522,27.013,"2,171,192"
397,2022-06-30,12.4,12.5,12,12,12.4,12,997,55.386,"4,539,356"
398,2022-06-29,12,12.1,11.9,12,12,11.9,619,26.263,"2,191,853"
399,2022-06-28,11.9,12.1,11.9,12.1,11.9,11.9,647,30.92,"2,592,046"
400,2022-06-27,11.9,12.1,11.9,12.1,11.9,12,621,24.234,"2,024,325"
401,2022-06-26,12,12.2,11.9,12.1,12,12,494,22.341,"1,852,269"
402,2022-06-23,12,12.3,12,12.1,12,12,709,34.377,"2,837,010"
403,2022-06-22,12,12.1,11.9,12,12,12,469,18.027,"1,504,385"
404,2022-06-21,12,12.1,11.9,12.1,12,12.1,497,16.258,"1,355,534"
405,2022-06-20,12.1,12.3,12,12.3,12.1,12.2,563,26.018,"2,148,218"
406,2022-06-19,12.2,12.4,12.1,12.4,12.2,12.3,606,24.501,"2,008,131"
407,2022-06-16,12.3,12.4,12.1,12.3,12.3,12.1,544,22.434,"1,834,507"
408,2022-06-15,12.1,12.4,12,12.4,12.1,12.2,579,21.436,"1,758,301"
409,2022-06-14,12.2,12.5,12.2,12.5,12.2,12.4,783,31.011,"2,535,539"
410,2022-06-13,12.4,12.5,12.2,12.5,12.4,12.4,555,22.987,"1,864,551"
411,2022-06-12,12.4,12.6,12.4,12.6,12.4,12.6,805,36.424,"2,928,321"
412,2022-06-09,12.6,12.7,12.5,12.6,12.6,12.5,505,31.454,"2,497,943"
413,2022-06-08,12.5,12.7,12.5,12.6,12.5,12.5,727,37.673,"2,998,403"
414,2022-06-07,12.5,12.8,12.5,12.6,12.5,12.6,860,48.979,"3,893,223"
415,2022-06-06,12.6,12.9,12.4,12.4,12.6,12.5,924,45.475,"3,593,428"
416,2022-06-05,12.5,12.7,12.4,12.6,12.5,12.6,807,30.558,"2,440,730"
417,2022-06-02,12.6,12.8,12.4,12.7,12.6,12.6,949,57.872,"4,606,650"
418,2022-06-01,12.6,12.8,12.5,12.7,12.6,12.7,781,30.656,"2,429,007"
419,2022-05-31,12.7,13,12.7,12.7,12.7,12.8,"1,036",48.402,"3,793,997"
420,2022-05-30,12.8,13.2,11.9,12.1,12.8,12,"2,794",167.905,"13,232,732"
421,2022-05-29,12,12.1,11.3,11.3,12,11.2,"1,212",46.031,"3,929,575"
422,2022-05-26,11.3,11.3,11,11.1,11.2,11.1,296,11.809,"1,060,144"
423,2022-05-25,11.1,11.3,11,11.3,11.1,11.2,418,16.664,"1,498,165"
424,2022-05-24,11.2,11.5,11.2,11.4,11.2,11.4,555,19.315,"1,709,332"
425,2022-05-23,11.4,11.5,11.1,11.4,11.4,10.9,711,28.479,"2,521,038"
426,2022-05-22,10.9,11.3,10.7,11.2,10.9,11.2,"1,133",79.315,"7,295,646"
427,2022-05-19,11.2,11.6,11.1,11.4,11.2,11.5,698,28.375,"2,506,804"
428,2022-05-18,11.5,11.9,11.4,11.8,11.5,11.8,816,29.236,"2,507,602"
429,2022-05-17,11.8,12.1,11.5,12,11.8,11.9,916,37.267,"3,169,201"
430,2022-05-16,11.9,12.3,11.8,12.3,11.9,12.3,"1,192",33.433,"2,785,569"
431,2022-05-12,12.3,12.4,12.2,12.4,12.3,12.4,732,22.882,"1,867,882"
432,2022-05-11,12.4,12.7,12.3,12.5,12.4,12.6,849,26.647,"2,133,594"
433,2022-05-10,12.6,12.8,12.5,12.8,12.6,13,"1,586",58.807,"4,649,086"
434,2022-05-09,13,13.1,12.8,12.8,13,12.8,559,31.068,"2,400,844"
435,2022-05-08,12.8,13.1,12.8,13.1,12.8,13.1,798,31.512,"2,440,542"
436,2022-05-05,13.1,13.3,13,13.3,13.1,13.2,339,13.711,"1,043,499"
437,2022-04-28,13.2,13.4,13,13.3,13.2,13.3,649,29.872,"2,270,896"
438,2022-04-27,13.3,13.4,13.2,13.3,13.3,13.3,423,19.632,"1,480,431"
439,2022-04-26,13.3,13.4,13.2,13.2,13.3,13.2,663,38.968,"2,928,067"
440,2022-04-25,13.2,13.2,12.9,13,13.2,13,"1,056",41.887,"3,202,914"
441,2022-04-24,13.2,13.2,12.8,12.9,13,12.8,"1,563",56.102,"4,300,164"
442,2022-04-21,12.8,12.9,12.5,12.6,12.8,12.5,"1,058",51.588,"4,040,831"
443,2022-04-20,12.5,12.7,12.4,12.4,12.5,12.4,788,24.251,"1,934,139"
444,2022-04-19,12.4,12.5,12,12.1,12.4,12.2,811,31.696,"2,594,051"
445,2022-04-18,12.2,12.5,12.2,12.5,12.2,12.4,646,18.867,"1,544,783"
446,2022-04-17,12.5,12.7,12.3,12.5,12.4,12.4,728,24.527,"1,962,503"
447,2022-04-13,12.4,12.6,12.2,12.2,12.4,13,"1,059",41.257,"3,352,100"
448,2022-04-12,0,0,0,0,13,13,0,0,0
449,2022-04-11,13,13.2,12.9,13,13,13,705,32.354,"2,478,531"
450,2022-04-10,13,13.2,13,13.1,13,13.2,694,28.336,"2,175,659"
451,2022-04-07,13.2,13.3,13.1,13.3,13.2,13.3,"1,022",60.461,"4,601,737"
452,2022-04-06,13.3,13.5,13.3,13.4,13.3,13.5,653,29.152,"2,187,927"
453,2022-04-05,13.5,13.6,13.4,13.5,13.5,13.6,659,26.228,"1,952,139"
454,2022-04-04,13.6,13.9,13.6,13.8,13.6,13.8,510,27.136,"1,981,311"
455,2022-04-03,13.8,13.9,13.7,13.8,13.8,13.7,507,29.228,"2,119,948"
456,2022-03-31,13.7,13.8,13.4,13.6,13.7,13.6,792,52.203,"3,819,134"
457,2022-03-30,13.6,13.9,13.5,13.9,13.6,13.7,865,24.562,"1,805,741"
458,2022-03-29,13.7,13.9,13.7,13.9,13.7,13.9,"1,310",42.779,"3,120,374"
459,2022-03-28,13.9,14.2,13.9,14.2,13.9,14.1,"1,061",48.09,"3,447,018"
460,2022-03-27,14.1,14.3,14.1,14.2,14.1,14.2,691,21.879,"1,545,148"
461,2022-03-24,14.2,14.4,14.2,14.4,14.2,14.3,830,31.027,"2,176,578"
462,2022-03-23,14.3,14.7,14.3,14.5,14.3,14.5,877,53.971,"3,736,072"
463,2022-03-22,14.5,14.6,14.4,14.5,14.5,14.5,687,49.038,"3,375,180"
464,2022-03-21,14.5,14.6,14.4,14.6,14.5,14.5,700,35.116,"2,421,854"
465,2022-03-20,14.5,14.8,14.1,14.8,14.5,15.7,"2,364",136.569,"9,465,565"
466,2022-03-16,15.7,16,15.6,15.7,15.7,15.6,644,41.331,"2,625,393"
467,2022-03-15,15.6,16,15.6,15.9,15.6,15.9,837,49.746,"3,166,429"
468,2022-03-14,15.9,16.1,15.7,16.1,15.9,16,941,77.705,"4,898,366"
469,2022-03-13,16,16.2,15.7,16,16,15.8,826,58.112,"3,650,531"
470,2022-03-10,15.8,16,15.5,15.5,15.8,15.3,"1,356",108.769,"6,902,862"
471,2022-03-09,15.3,15.4,14.9,15,15.3,14.8,731,57.52,"3,792,793"
472,2022-03-08,14.8,14.9,14.1,14.6,14.8,14.6,"1,059",77.161,"5,298,124"
473,2022-03-07,14.6,15.4,14.5,15.4,14.6,15.3,"1,235",65.966,"4,438,411"
474,2022-03-06,15.3,15.5,15.2,15.5,15.3,15.5,668,27.88,"1,815,020"
475,2022-03-03,15.5,15.6,15.3,15.4,15.5,15.5,620,30.792,"1,989,111"
476,2022-03-02,15.5,15.8,15.3,15.7,15.5,15.7,838,51.201,"3,304,663"
477,2022-03-01,15.7,16.1,15.6,15.9,15.7,15.8,"1,128",55.221,"3,485,571"
478,2022-02-28,15.8,16.1,15.5,15.5,15.8,15.4,"1,211",67.316,"4,252,382"
479,2022-02-27,15.4,16.2,15.3,16.2,15.4,16.2,"2,130",175.433,"11,239,911"
480,2022-02-24,16.2,16.8,16.1,16.7,16.2,16.7,"1,752",115.844,"7,059,128"
481,2022-02-23,16.7,17,16.7,16.8,16.7,16.7,633,45.286,"2,695,116"
482,2022-02-22,16.7,16.9,16.5,16.8,16.7,16.7,"1,083",94.238,"5,669,275"
483,2022-02-20,16.7,17.1,16.7,17.1,16.7,17,"1,096",78.777,"4,685,620"
484,2022-02-17,17,17.2,16.9,17.2,17,17.2,962,70.849,"4,147,339"
485,2022-02-16,17.2,17.4,17.1,17.4,17.2,17.3,"1,255",152.99,"8,868,149"
486,2022-02-15,17.3,17.8,17.2,17.8,17.3,17.7,"1,412",153.984,"8,880,232"
487,2022-02-14,17.7,18.3,17.5,17.5,17.7,17.4,"3,284",293.957,"16,411,968"
488,2022-02-13,17.4,17.5,17.1,17.3,17.4,17.1,"1,412",93.18,"5,389,967"
